epoch,loss,accuracy,val_loss,val_accuracy,val_loss_delta,val_loss_improved
11,0.2545756697654724,0.9231573939323425,1.9477685689926147,0.4153522551059723,,False
12,0.24359726905822754,0.9246587753295898,1.90932297706604,0.43533122539520264,-0.03844559192657471,True
13,0.23867064714431763,0.9250227212905884,1.8487927913665771,0.4447949528694153,-0.06053018569946289,True
14,0.22590042650699615,0.9294130802154541,1.8124412298202515,0.4574132561683655,-0.036351561546325684,True
15,0.2225906103849411,0.9306870102882385,1.8162087202072144,0.45215561985969543,0.0037674903869628906,False
16,0.21410977840423584,0.9322565793991089,1.818186640739441,0.46477392315864563,0.0019779205322265625,False
17,0.20833377540111542,0.934485912322998,1.7791225910186768,0.4773922264575958,-0.03906404972076416,True
18,0.20293168723583221,0.9359872341156006,1.742993712425232,0.4837013781070709,-0.036128878593444824,True
19,0.1984262615442276,0.9364649653434753,1.7612072229385376,0.48580440878868103,0.018213510513305664,False
20,0.1912725418806076,0.9381483197212219,1.6837888956069946,0.5015772581100464,-0.07741832733154297,True
21,0.1865323930978775,0.9405823349952698,1.6697114706039429,0.5068349242210388,-0.014077425003051758,True
22,0.18403755128383636,0.9399226307868958,1.6981350183486938,0.5026288032531738,0.028423547744750977,False
23,0.17771990597248077,0.9421291947364807,1.6585361957550049,0.5099895000457764,-0.039598822593688965,True
24,0.17357078194618225,0.9439262747764587,1.6495540142059326,0.5205047130584717,-0.008982181549072266,True
25,0.1680276244878769,0.9458598494529724,1.6561411619186401,0.5247108340263367,0.0065871477127075195,False
