target_class,precision,recall,f1-score,support,plantdoc_train_images,plantvillage_train_images
Corn_(maize)___Cercospora_leaf_spot Gray_leaf_spot,0.18181818181818182,0.5,0.26666666666666666,4.0,72,359
Tomato___Tomato_mosaic_virus,0.5454545454545454,0.1875,0.27906976744186046,32.0,80,261
Corn_(maize)___Common_rust_,0.75,0.8181818181818182,0.782608695652174,11.0,100,834
Grape___Black_rot,0.625,0.625,0.625,8.0,120,824
Soybean,0.8,0.4,0.5333333333333333,20.0,142,3557
Apple___Apple_scab,0.5,0.5384615384615384,0.5185185185185185,13.0,148,441
Tomato___Early_blight,0.5652173913043478,0.6842105263157895,0.6190476190476191,19.0,150,699
Tomato___Late_blight,0.5,0.2857142857142857,0.36363636363636365,14.0,151,1336
Apple___Cedar_apple_rust,0.5454545454545454,0.5,0.5217391304347826,12.0,160,192
Tomato___Leaf_Mold,0.2,0.6,0.3,10.0,191,664
Cherry_(including_sour),0.4,0.10526315789473684,0.16666666666666666,19.0,216,1325
Potato___Late_blight,0.375,0.6,0.46153846153846156,15.0,224,700
Tomato___Bacterial_spot,0.125,0.07142857142857142,0.09090909090909091,14.0,227,1487
Squash,0.7272727272727273,0.8888888888888888,0.8,9.0,233,1284
Tomato___Septoria_leaf_spot,0.8333333333333334,0.4166666666666667,0.5555555555555556,24.0,259,1237
Potato___Early_blight,0.38095238095238093,0.47058823529411764,0.42105263157894735,17.0,286,700
Strawberry,0.9629629629629629,0.8666666666666667,0.9122807017543859,30.0,316,1093
Corn_(maize)___Northern_Leaf_Blight,0.625,0.4166666666666667,0.5,12.0,340,689
Tomato___Tomato_Yellow_Leaf_Curl_Virus,0.8,0.46153846153846156,0.5853658536585366,26.0,395,3749
Peach,0.5,0.5,0.5,10.0,423,1851
"Pepper,_bell",0.5625,0.6923076923076923,0.6206896551724138,26.0,517,1727
Raspberry,0.48484848484848486,0.9411764705882353,0.64,17.0,520,259
Blueberry,0.6285714285714286,1.0,0.7719298245614035,22.0,740,1048
